pid,start_time,end_time
1,6365659752154,6365669851598
5,6365669857390,6365679956459
3,6365679960667,6365692172808
7,6365692180058,6365704534614
2,6365704542864,6365714979598
8,6365714995639,6365725225916
6,6365725229291,6365735358943
4,6365735363568,6365746364090
1,6365746369424,6365758806396
5,6365758816605,6365768939549
3,6365768944757,6365781384105
7,6365781386771,6365794185325
2,6365794191742,6365805074348
6,6365805078265,6365816134162
1,6365816142745,6365827355475
5,6365827363391,6365839864322
3,6365839871322,6365849972141
7,6365849980974,6365860854955
8,6365860860247,6365873489552
4,6365873494135,6365886137315
1,6365886149024,6365905106460
5,6365905115960,6365916250023
3,6365916255148,6365928176832
7,6365928189165,6365942614502
2,6365942622044,6365952922903
6,6365952929236,6365965360334
5,6365965367417,6365976636897
1,6365976642980,6365987172338
3,6365987178547,6365999488020
7,6365999492895,6366011272288
8,6366011279579,6366022453976
4,6366022458559,6366034357368
2,6366034363493,6366044483020
6,6366044489895,6366056969951
5,6366056976201,6366069560087
1,6366069567420,6366082147972
3,6366082156639,6366094333194
7,6366094341819,6366106702081
5,6366106714456,6366119226800
1,6366119233675,6366131853685
3,6366131861602,6366144320739
7,6366144326613,6366155957546
2,6366155962255,6366168356516
8,6366168361766,6366179396661
6,6366179402953,6366190441972
4,6366190447764,6366202322570
1,6366202330445,6366213898587
5,6366213904587,6366226444723
3,6366226453389,6366237837199
7,6366237843449,6366248169472
2,6366248177347,6366260745025
6,6366260777858,6366271893877
5,6366271900210,6366282587065
1,6366282593982,6366296495235
3,6366296502402,6366310458780
7,6366310534654,6366320631512
8,6366320636262,6366332817359
4,6366332823067,6366343733754
1,6366343738754,6366354385526
5,6366354389984,6366367205869
3,6366367211244,6366378861551
7,6366378869510,6366390331152
2,6366390334693,6366402294166
6,6366402298124,6366412521524
1,6366412525440,6366425536990
5,6366425550948,6366437127340
3,6366437133840,6366449631726
7,6366449641476,6366461850281
8,6366461856364,6366474118043
4,6366474126585,6366485812059
2,6366485816226,6366498273612
6,6366498278612,6366510428292
5,6366510434292,6366520755316
1,6366520759357,6366532790621
3,6366532796038,6366549590232
7,6366549596357,6366561332248
5,6366561336040,6366572734766
1,6366572740141,6366584135950
3,6366584140158,6366596648169
7,6366596655836,6366607223775
2,6366607231191,6366617609465
8,6366617612548,6366630079810
6,6366630085476,6366642259031
4,6366642266823,6366653614424
1,6366653627049,6366663818740
5,6366663825906,6366673934473
3,6366673938473,6366684194205
7,6366684197080,6366694307439
2,6366694310022,6366704390964
6,6366704393297,6366714468114
1,6366714470364,6366724557639
5,6366724560222,6366737057900
3,6366737063400,6366747466174
7,6366747470174,6366759279564
8,6366759282064,6366771064579
4,6366771068121,6366783508716
5,6366783511591,6366794873275
1,6366794878233,6366806635165
3,6366806641207,6366819117552
7,6366819121885,6366829575158
2,6366829582158,6366839856515
6,6366839864682,6366851269783
5,6366851276449,6366863754586
1,6366863760044,6366876149306
3,6366876156681,6366888870816
7,6366888885399,6366900338624
8,6366900342833,6366912882427
4,6366912886969,6366923931905
2,6366923938155,6366936436708
6,6366936441958,6366948948719
5,6366948962010,6366960178154
1,6366960181196,6366972615707
3,6366972623457,6366985056802
7,6366985058885,6366995549325
5,6366995554867,6367008891915
1,6367008903581,6367019160772
3,6367019166022,6367031695408
7,6367031698325,6367042639053
2,6367042646678,6367055687978
8,6367055697353,6367067865280
6,6367067871571,6367078113968
4,6367078121593,6367089943606
1,6367089953064,6367102573488
5,6367102584197,6367115139246
3,6367115147913,6367126743802
7,6367126751052,6367138549731
2,6367138553689,6367151171197
6,6367151177864,6367163528623
1,6367163533998,6367176169755
5,6367176186922,6367188716555
3,6367188725139,6367200951065
7,6367200957357,6367213465449
8,6367213471740,6367225943915
4,6367225947582,6367238431091
5,6367238435924,6367250760017
1,6367250764183,6367262749820
3,6367262756945,6367273845378
7,6367273853795,6367285825181
2,6367285833223,6367297488861
6,6367297497486,6367310183994
5,6367310197410,6367320312683
1,6367320319475,6367337173749
3,6367337180624,6367349089719
7,6367349095385,6367360426234
8,6367360431067,6367372645953
4,6367372652411,6367383214556
2,6367383227931,6367395947563
6,6367395954188,6367408504488
5,6367408512113,6367419366881
1,6367419376256,6367431424642
3,6367431430017,6367443866317
7,6367443871151,6367456357742
5,6367456362867,6367467884632
1,6367467889465,6367478621026
3,6367478629151,6367490899619
7,6367490905077,6367503689084
2,6367503701667,6367516139926
8,6367516150176,6367527209401
6,6367527213276,6367539666243
4,6367539669785,6367551347423
1,6367551359131,6367563873390
5,6367563879931,6367576443772
3,6367576449022,6367589136196
7,6367589144946,6367601641413
2,6367601647288,6367613994756
6,6367613999506,6367625059648
1,6367625065398,6367636148415
5,6367636154915,6367648705089
3,6367648712048,6367659650440
7,6367659654815,6367669811879
8,6367669818546,6367679981568
4,6367679987860,6367691123627
5,6367691127293,6367701640230
1,6367701647939,6367711825003
3,6367711831003,6367721974608
7,6367721991733,6367732121923
2,6367732124714,6367744627723
6,6367744633098,6367755835405
5,6367755842572,6367768459996
1,6367768468580,6367778571394
3,6367778574311,6367791023028
7,6367791024486,6367802091253
8,6367802098128,6367814370596
4,6367814382513,6367826530857
2,6367826534023,6367839162948
6,6367839176114,6367849381845
5,6367849386595,6367862643973
1,6367862651765,6367874398028
3,6367874401903,6367887284284
7,6367887295242,6367898968964
5,6367898977381,6367911590555
1,6367911600638,6367921712078
3,6367921718286,6367934134253
7,6367934136003,6367946730886
2,6367946741386,6367959477685
8,6367959483185,6367971940735
6,6367971947026,6367984463118
4,6367984467576,6367995303178
1,6367995308553,6368006274987
5,6368006278362,6368018264832
3,6368018274749,6368030737257
7,6368030740841,6368043299474
2,6368043308515,6368055151486
6,6368055158361,6368065548255
1,6368065554421,6368078249092
5,6368078253967,6368089661855
3,6368089678021,6368099866125
7,6368099874916,6368111569177
8,6368111574219,6368124102766
4,6368124105474,6368135330071
5,6368135339821,6368147148539
1,6368147153831,6368158844633
3,6368158854342,6368171293431
7,6368171305806,6368183392564
2,6368183401647,6368195983069
6,6368195991944,6368208068577
5,6368208081202,6368219788421
1,6368219801755,6368229913525
3,6368229923525,6368242567155
7,6368242571363,6368255155868
8,6368255164785,6368267678374
4,6368267683749,6368280274170
2,6368280282587,6368291386518
6,6368291391435,6368302846697
5,6368302858030,6368313192383
1,6368313199632,6368325940137
3,6368325951137,6368336877027
7,6368337614147,6368350123820
5,6368350131403,6368362031954
1,6368362037412,6368373616674
3,6368373626007,6368384533856
7,6368384536773,6368395425205
2,6368395428038,6368407962085
8,6368407972169,6368420512799
6,6368420518882,6368431105233
4,6368431111858,6368442483287
1,6368442490204,6368452885806
5,6368452888181,6368464770774
3,6368464783149,6368476114078
7,6368476122370,6368487114510
2,6368487119718,6368499388684
6,6368499394975,6368510539115
1,6368510552448,6368521794336
5,6368521798461,6368531913148
3,6368531916565,6368542258334
7,6368542271209,6368555852875
8,6368555858875,6368568568796
4,6368568580171,6368581152592
5,6368581159801,6368593611432
1,6368593614307,6368605676398
3,6368605679523,6368617319326
7,6368617324451,6368629921248
2,6368629933539,6368640877888
6,6368640885930,6368651541030
5,6368651545280,6368664099160
1,6368664105952,6368676217252
3,6368676224460,6368686677687
8,6368686707020,6368699163442
4,6368699167734,6368711510032
2,6368711515907,6368722157383
6,6368722163383,6368732814150
5,6368732817317,6368744696659
1,6368744702201,6368756463586
3,6368756465878,6368767594351
5,6368767601434,6368778099244
1,6368778103285,6368790525208
3,6368790528208,6368803201796
2,6368803206421,6368815728801
8,6368815734843,6368825836614
6,6368825839114,6368837064211
4,6368837071252,6368848935053
5,6368848939095,6368861470767
1,6368861476892,6368872020577
3,6368872024243,6368884746123
2,6368884765872,6368895205641
6,6368895209516,6368906869860
1,6368906874027,6368918921202
5,6368918926577,6368929056681
3,6368929063722,6368939741531
8,6368939746031,6368950679046
4,6368950684838,6368961464187
1,6368961470021,6368973128490
3,6368973134907,6368985052916
2,6368985056166,6368995881974
6,6368995887474,6369008468229
1,6369008475312,6369020388571
3,6369020393696,6369032570204
8,6369032573621,6369044951252
4,6369044963710,6369061808813
2,6369061817354,6369075587307
6,6369075602266,6369088229726
1,6369088242059,6369100709438
3,6369100713271,6369110815998
1,6369110820873,6369123262084
3,6369123270084,6369134489429
2,6369134493179,6369144635530
8,6369144646363,6369155362878
6,6369155369628,6369166176683
4,6369166181517,6369176309493
1,6369176317451,6369188806788
3,6369188814329,6369200444838
2,6369200448713,6369212628176
6,6369212638843,6369224993638
3,6369225171387,6369235764361
4,6369235776902,6369248545279
3,6369248555987,6369261795985
2,6369261810443,6369274444195
6,6369274455654,6369284690046
3,6369284704463,6369297279882
4,6369297292299,6369309808385
2,6369309813843,6369320466525
3,6369320476400,6369330872208
3,6369330875541,6369341294307
2,6369341303641,6369352170237
4,6369352182529,6369364169202
3,6369364182994,6369376846662
2,6369376854579,6369389457706
3,6369389468956,6369402119333
4,6369402123333,6369413691092
3,6369413695592,6369424513314
2,6369424522481,6369436952984
3,6369436958026,6369449509445
4,6369449514237,6369461094954
2,6369461103912,6369472439506
3,6369472452089,6369484742968
